组织机构代码,单位名称,行业代码,管理机构,项目编码,项目名称,本年完成投资,项目类别1,行业代码(GB/T4754-2017),建筑工程,安装工程
7039565,佛山市民政局,8416,4.40604E+11,7.03957E+15,佛山市颐养院项目,7266,9,8416,4545,0
55378676,佛山市禅城区启智学校,8350,4.40604E+11,5.53787E+16,佛山市禅城区启智学校（第二校区）改建工程,888,9,8350,782,0
59942705,佛山市咏卓装饰材料有限公司,3051,4.40604E+11,5.99427E+16,高档马赛克自动化生产技术改造项目,150,1,3051,110,0
65143678,佛山综合能源有限公司,4416,4.40604E+11,6.51437E+16,宗申比亚乔佛山摩托车企业有限公司光伏发电项目,5784,9,4416,0,754
66749962,佛山市禅城区水利投资建设有限公司,7810,4.40604E+11,6.675E+16,禅城区南庄镇丰年一站扩建工程,374,9,7810,0,0
66749962,佛山市禅城区水利投资建设有限公司,7610,4.40604E+11,6.675E+16,丰年涌整治工程,0,9,7610,11,0
70200315,禅城东部商务区投资建设有限公司,7850,4.40604E+11,7.02003E+16,华兴公园,578,9,7850,567,0
70200315,禅城东部商务区投资建设有限公司,8921,4.40604E+11,7.02003E+16,奇槎社区体育中心及停保场项目,3577,9,8921,2224,0
